Time, ECG, PPG
1.0,-5142.0,58133.0
1.01,-5142.0,58133.0
1.01,-5142.0,58133.0
1.02,-4741.0,58133.0
1.02,-4741.0,58133.0
1.03,-4741.0,58133.0
1.03,-4741.0,58133.0
1.04,-4737.0,58163.0
1.04,-4737.0,58163.0
1.05,-4737.0,58163.0
1.05,-4737.0,58163.0
1.06,-4746.0,58229.0
1.06,-4746.0,58229.0
1.07,-4746.0,58229.0
1.07,-4746.0,58229.0
1.08,-4524.0,58258.0
1.08,-4524.0,58258.0
1.09,-4524.0,58258.0
1.09,-4524.0,58258.0
1.1,-4327.0,58254.0
1.1,-4327.0,58254.0
1.11,-4327.0,58254.0
1.11,-4327.0,58254.0
1.12,-4223.0,58226.0
1.12,-4223.0,58226.0
1.13,-4223.0,58226.0
1.13,-4223.0,58226.0
1.14,-4003.0,58231.0
1.14,-4003.0,58231.0
1.15,-4003.0,58231.0
1.15,-4003.0,58231.0
1.16,-3820.0,58220.0
1.16,-3820.0,58220.0
1.17,-3820.0,58220.0
1.17,-3820.0,58220.0
1.18,-3799.0,58209.0
1.18,-3799.0,58209.0
1.19,-3799.0,58209.0
1.2,-3799.0,58209.0
1.2,-3802.0,58223.0
1.21,-3802.0,58223.0
1.21,-3802.0,58223.0
1.21,-3802.0,58223.0
1.22,-3822.0,58238.0
1.22,-3822.0,58238.0
1.23,-3822.0,58238.0
1.23,-3822.0,58238.0
1.24,-3614.0,58256.0
1.25,-3614.0,58256.0
1.25,-3614.0,58256.0
1.25,-3614.0,58256.0
1.26,-3499.0,58280.0
1.26,-3499.0,58280.0
1.27,-3499.0,58280.0
1.27,-3499.0,58280.0
1.28,-3241.0,58304.0
1.28,-3241.0,58304.0
1.29,-3241.0,58304.0
1.29,-3241.0,58304.0
1.3,-2813.0,58331.0
1.3,-2813.0,58331.0
1.31,-2813.0,58331.0
1.31,-2813.0,58331.0
1.32,-3673.0,58370.0
1.33,-3673.0,58370.0
1.33,-3673.0,58370.0
1.34,-3673.0,58370.0
1.34,-3297.0,58395.0
1.34,-3297.0,58395.0
1.35,-3297.0,58395.0
1.35,-3297.0,58395.0
1.36,-3069.0,58436.0
1.36,-3069.0,58436.0
1.37,-3069.0,58436.0
1.37,-3069.0,58436.0
1.38,-3036.0,58489.0
1.38,-3036.0,58489.0
1.39,-3036.0,58489.0
1.39,-3036.0,58489.0
1.4,-3036.0,58535.0
1.4,-3036.0,58535.0
1.41,-3036.0,58535.0
1.41,-3036.0,58535.0
1.42,-2992.0,58596.0
1.42,-2992.0,58596.0
1.43,-2992.0,58596.0
1.43,-2992.0,58596.0
1.44,-2821.0,58631.0
1.45,-2821.0,58631.0
1.45,-2821.0,58631.0
1.46,-2821.0,58631.0
1.46,-2622.0,58689.0
1.47,-2622.0,58689.0
1.47,-2622.0,58689.0
1.48,-2622.0,58689.0
1.48,-2591.0,58721.0
1.49,-2591.0,58721.0
1.49,-2591.0,58721.0
1.5,-2591.0,58721.0
1.5,-2461.0,58684.0
1.5,-2461.0,58684.0
1.51,-2461.0,58684.0
1.51,-2461.0,58684.0
1.52,-2331.0,58579.0
1.52,-2331.0,58579.0
1.53,-2331.0,58579.0
1.54,-2331.0,58579.0
1.54,-2381.0,58443.0
1.54,-2381.0,58443.0
1.55,-2381.0,58443.0
1.55,-2381.0,58443.0
1.56,-2371.0,58323.0
1.57,-2371.0,58323.0
1.57,-2371.0,58323.0
1.58,-2371.0,58323.0
1.58,-2564.0,58222.0
1.59,-2564.0,58222.0
1.59,-2564.0,58222.0
1.6,-2564.0,58222.0
1.6,-2611.0,58129.0
1.61,-2611.0,58129.0
1.61,-2611.0,58129.0
1.61,-2611.0,58129.0
1.62,-2581.0,58046.0
1.63,-2581.0,58046.0
1.63,-2581.0,58046.0
1.63,-2581.0,58046.0
1.64,-2461.0,57991.0
1.65,-2461.0,57991.0
1.65,-2461.0,57991.0
1.65,-2461.0,57991.0
1.66,-2579.0,57929.0
1.67,-2579.0,57929.0
1.67,-2579.0,57929.0
1.68,-2579.0,57929.0
1.68,-2469.0,57853.0
1.68,-2469.0,57853.0
1.69,-2469.0,57853.0
1.7,-2469.0,57853.0
1.7,-2524.0,57776.0
1.71,-2524.0,57776.0
1.71,-2524.0,57776.0
1.72,-2524.0,57776.0
1.72,-2458.0,57734.0
1.73,-2458.0,57734.0
1.73,-2458.0,57734.0
1.74,-2458.0,57734.0
1.74,-2532.0,57734.0
1.75,-2532.0,57734.0
1.75,-2532.0,57734.0
1.76,-2532.0,57734.0
1.76,-2473.0,57726.0
1.77,-2473.0,57726.0
1.77,-2473.0,57726.0
1.78,-2473.0,57726.0
1.78,-2462.0,57744.0
1.79,-2462.0,57744.0
1.79,-2462.0,57744.0
1.8,-2462.0,57744.0
1.8,-2474.0,57804.0
1.81,-2474.0,57804.0
1.81,-2474.0,57804.0
1.82,-2474.0,57804.0
1.82,-2351.0,57837.0
1.83,-2351.0,57837.0
1.83,-2351.0,57837.0
1.84,-2351.0,57837.0
1.84,-2323.0,57830.0
1.85,-2323.0,57830.0
1.85,-2323.0,57830.0
1.86,-2323.0,57830.0
1.86,-2242.0,57825.0
1.87,-2242.0,57825.0
1.87,-2242.0,57825.0
1.88,-2242.0,57825.0
1.88,-2405.0,57824.0
1.89,-2405.0,57824.0
1.89,-2405.0,57824.0
1.9,-2405.0,57824.0
1.9,-2150.0,57834.0
1.91,-2150.0,57834.0
1.91,-2150.0,57834.0
1.92,-2150.0,57834.0
1.92,-2118.0,57818.0
1.93,-2118.0,57818.0
1.93,-2118.0,57818.0
1.94,-2118.0,57818.0
1.94,-2221.0,57851.0
1.95,-2221.0,57851.0
1.95,-2221.0,57851.0
1.96,-2221.0,57851.0
1.96,-2367.0,57878.0
1.97,-2367.0,57878.0
1.97,-2367.0,57878.0
1.98,-2367.0,57878.0
1.98,-2428.0,57926.0
1.99,-2428.0,57926.0
1.99,-2428.0,57926.0
2.0,-2428.0,57926.0
2.0,-2349.0,57973.0
2.01,-2349.0,57973.0
2.01,-2349.0,57973.0
2.02,-2349.0,57973.0
2.02,-2321.0,58022.0
2.03,-2321.0,58022.0
2.03,-2321.0,58022.0
2.04,-2321.0,58022.0
2.04,-1949.0,58069.0
2.05,-1949.0,58069.0
2.05,-1949.0,58069.0
2.06,-1949.0,58069.0
2.06,-2292.0,58098.0
2.07,-2292.0,58098.0
2.07,-2292.0,58098.0
2.08,-2292.0,58098.0
2.08,-2300.0,58158.0
2.09,-2300.0,58158.0
2.09,-2300.0,58158.0
2.1,-2300.0,58158.0
2.1,-2353.0,58199.0
2.11,-2353.0,58199.0
2.11,-2353.0,58199.0
2.12,-2353.0,58199.0
2.12,-2351.0,58235.0
2.13,-2351.0,58235.0
2.13,-2351.0,58235.0
2.14,-2351.0,58235.0
2.14,-2129.0,58282.0
2.15,-2129.0,58282.0
2.15,-2129.0,58282.0
2.16,-2129.0,58282.0
2.16,-2171.0,58333.0
2.17,-2171.0,58333.0
2.17,-2171.0,58333.0
2.18,-2171.0,58333.0
2.18,-2074.0,58375.0
2.19,-2074.0,58375.0
2.19,-2074.0,58375.0
2.2,-2074.0,58375.0
2.2,-1973.0,58428.0
2.21,-1973.0,58428.0
2.21,-1973.0,58428.0
2.22,-1973.0,58428.0
2.22,-1886.0,58460.0
2.23,-1886.0,58460.0
2.23,-1886.0,58460.0
2.24,-1886.0,58460.0
2.24,-1643.0,58483.0
2.25,-1643.0,58483.0
2.25,-1643.0,58483.0
2.26,-1643.0,58483.0
2.26,-1493.0,58432.0
2.27,-1493.0,58432.0
2.27,-1493.0,58432.0
2.28,-1493.0,58432.0
2.28,-1444.0,58312.0
2.29,-1444.0,58312.0
2.29,-1444.0,58312.0
2.3,-1444.0,58312.0
2.3,-1630.0,58209.0
2.31,-1630.0,58209.0
2.31,-1630.0,58209.0
2.32,-1630.0,58209.0
2.32,-1677.0,58130.0
2.33,-1677.0,58130.0
2.33,-1677.0,58130.0
2.34,-1677.0,58130.0
2.34,-1709.0,58064.0
2.35,-1709.0,58064.0
2.35,-1709.0,58064.0
2.36,-1709.0,58064.0
2.36,-1774.0,58017.0
2.37,-1774.0,58017.0
2.37,-1774.0,58017.0
2.38,-1774.0,58017.0
2.38,-1791.0,57983.0
2.39,-1791.0,57983.0
2.39,-1791.0,57983.0
2.4,-1791.0,57983.0
2.4,-1926.0,57945.0
2.41,-1926.0,57945.0
2.41,-1926.0,57945.0
2.42,-1926.0,57945.0
2.42,-1830.0,57902.0
2.43,-1830.0,57902.0
2.43,-1830.0,57902.0
2.44,-1830.0,57902.0
2.44,-1823.0,57887.0
2.45,-1823.0,57887.0
2.45,-1823.0,57887.0
2.46,-1823.0,57887.0
2.46,-1886.0,57846.0
2.47,-1886.0,57846.0
2.47,-1886.0,57846.0
2.48,-1886.0,57846.0
2.48,-1866.0,57847.0
2.49,-1866.0,57847.0
2.49,-1866.0,57847.0
2.5,-1866.0,57847.0
2.5,-1842.0,57873.0
2.51,-1842.0,57873.0
2.51,-1842.0,57873.0
2.52,-1842.0,57873.0
2.52,-1894.0,57934.0
2.53,-1894.0,57934.0
2.53,-1894.0,57934.0
2.54,-1894.0,57934.0
2.54,-2016.0,58003.0
2.55,-2016.0,58003.0
2.55,-2016.0,58003.0
2.56,-2016.0,58003.0
2.56,-1941.0,58032.0
2.57,-1941.0,58032.0
2.57,-1941.0,58032.0
2.58,-1941.0,58032.0
2.58,-2170.0,58044.0
2.59,-2170.0,58044.0
2.59,-2170.0,58044.0
2.6,-2170.0,58044.0
2.6,-2141.0,58048.0
2.61,-2141.0,58048.0
2.61,-2141.0,58048.0
2.62,-2141.0,58048.0
2.62,-2078.0,58032.0
2.63,-2078.0,58032.0
2.63,-2078.0,58032.0
2.64,-2078.0,58032.0
2.64,-1936.0,58016.0
2.65,-1936.0,58016.0
2.65,-1936.0,58016.0
2.66,-1936.0,58016.0
2.66,-1867.0,58011.0
2.67,-1867.0,58011.0
2.67,-1867.0,58011.0
2.68,-1867.0,58011.0
2.68,-2032.0,58034.0
2.69,-2032.0,58034.0
2.69,-2032.0,58034.0
2.7,-2032.0,58034.0
2.7,-2112.0,58061.0
2.71,-2112.0,58061.0
2.71,-2112.0,58061.0
2.72,-2112.0,58061.0
2.72,-2111.0,58085.0
2.73,-2111.0,58085.0
2.73,-2111.0,58085.0
2.74,-2111.0,58085.0
2.74,-2154.0,58094.0
2.75,-2154.0,58094.0
2.75,-2154.0,58094.0
2.76,-2154.0,58094.0
2.76,-2224.0,58129.0
2.77,-2224.0,58129.0
2.77,-2224.0,58129.0
2.78,-2224.0,58129.0
2.78,-1632.0,58177.0
2.79,-1632.0,58177.0
2.79,-1632.0,58177.0
2.8,-1632.0,58177.0
2.8,-2231.0,58236.0
2.81,-2231.0,58236.0
2.81,-2231.0,58236.0
2.82,-2231.0,58236.0
2.82,-2232.0,58269.0
2.83,-2232.0,58269.0
2.83,-2232.0,58269.0
2.84,-2232.0,58269.0
2.84,-2186.0,58311.0
2.85,-2186.0,58311.0
2.85,-2186.0,58311.0
2.86,-2186.0,58311.0
2.86,-2281.0,58349.0
2.87,-2281.0,58349.0
2.87,-2281.0,58349.0
2.88,-2281.0,58349.0
2.88,-2206.0,58390.0
2.89,-2206.0,58390.0
2.89,-2206.0,58390.0
2.9,-2206.0,58390.0
2.9,-2113.0,58439.0
2.91,-2113.0,58439.0
2.91,-2113.0,58439.0
2.92,-2113.0,58439.0
2.92,-2143.0,58472.0
2.93,-2143.0,58472.0
2.93,-2143.0,58472.0
2.94,-2143.0,58472.0
2.94,-2122.0,58524.0
2.95,-2122.0,58524.0
2.95,-2122.0,58524.0
2.96,-2122.0,58524.0
2.96,-2201.0,58553.0
2.97,-2201.0,58553.0
2.97,-2201.0,58553.0
2.98,-2201.0,58553.0
2.98,-2126.0,58580.0
2.99,-2126.0,58580.0
2.99,-2126.0,58580.0
3.0,-2126.0,58580.0
3.0,-2126.0,58544.0
3.01,-2126.0,58544.0
3.01,-2126.0,58544.0
3.02,-2126.0,58544.0
3.02,-2030.0,58441.0
3.03,-2030.0,58441.0
3.03,-2030.0,58441.0
3.04,-2030.0,58441.0
3.04,-2099.0,58336.0
3.05,-2099.0,58336.0
3.05,-2099.0,58336.0
3.06,-2099.0,58336.0
3.06,-2252.0,58283.0
3.07,-2252.0,58283.0
3.08,-2252.0,58283.0
3.08,-2252.0,58283.0
3.08,-2223.0,58215.0
3.09,-2223.0,58215.0
3.09,-2223.0,58215.0
3.1,-2223.0,58215.0
3.1,-2325.0,58186.0
3.11,-2325.0,58186.0
3.12,-2325.0,58186.0
3.12,-2325.0,58186.0
3.12,-2330.0,58182.0
3.13,-2330.0,58182.0
3.13,-2330.0,58182.0
3.14,-2330.0,58182.0
3.14,-2374.0,58175.0
3.15,-2374.0,58175.0
3.15,-2374.0,58175.0
3.16,-2374.0,58175.0
3.17,-2383.0,58173.0
3.17,-2383.0,58173.0
3.18,-2383.0,58173.0
3.18,-2383.0,58173.0
3.18,-2325.0,58163.0
3.19,-2325.0,58163.0
3.19,-2325.0,58163.0
3.2,-2325.0,58163.0
3.21,-2522.0,58173.0
3.21,-2522.0,58173.0
3.22,-2522.0,58173.0
3.22,-2522.0,58173.0
3.23,-2441.0,58198.0
3.23,-2441.0,58198.0
3.23,-2441.0,58198.0
3.24,-2441.0,58198.0
3.25,-2472.0,58220.0
3.25,-2472.0,58220.0
3.26,-2472.0,58220.0
3.26,-2472.0,58220.0
3.27,-2622.0,58256.0
3.27,-2622.0,58256.0
3.28,-2622.0,58256.0
3.28,-2622.0,58256.0
3.28,-2502.0,58282.0
3.29,-2502.0,58282.0
3.3,-2502.0,58282.0
3.3,-2502.0,58282.0
3.31,-2463.0,58287.0
3.31,-2463.0,58287.0
3.32,-2463.0,58287.0
3.32,-2463.0,58287.0
3.32,-2473.0,58294.0
3.33,-2473.0,58294.0
3.34,-2473.0,58294.0
3.34,-2473.0,58294.0
3.35,-2343.0,58285.0
3.35,-2343.0,58285.0
3.36,-2343.0,58285.0
3.36,-2343.0,58285.0
3.37,-2478.0,58279.0
3.37,-2478.0,58279.0
3.38,-2478.0,58279.0
3.38,-2478.0,58279.0
3.39,-2466.0,58288.0
3.39,-2466.0,58288.0
3.4,-2466.0,58288.0
3.4,-2466.0,58288.0
3.41,-2589.0,58303.0
3.41,-2589.0,58303.0
3.42,-2589.0,58303.0
3.42,-2589.0,58303.0
3.43,-2665.0,58320.0
3.43,-2665.0,58320.0
3.44,-2665.0,58320.0
3.44,-2665.0,58320.0
3.45,-2559.0,58332.0
3.45,-2559.0,58332.0
3.46,-2559.0,58332.0
3.46,-2559.0,58332.0
3.47,-2578.0,58370.0
3.47,-2578.0,58370.0
3.48,-2578.0,58370.0
3.48,-2578.0,58370.0
3.49,-1962.0,58397.0
3.49,-1962.0,58397.0
3.5,-1962.0,58397.0
3.5,-1962.0,58397.0
3.51,-3107.0,58413.0
3.51,-3107.0,58413.0
3.52,-3107.0,58413.0
3.52,-3107.0,58413.0
3.53,-2592.0,58444.0
3.53,-2592.0,58444.0
3.54,-2592.0,58444.0
3.54,-2592.0,58444.0
3.55,-2753.0,58481.0
3.55,-2753.0,58481.0
3.56,-2753.0,58481.0
3.56,-2753.0,58481.0
3.57,-2652.0,58488.0
3.57,-2652.0,58488.0
3.58,-2652.0,58488.0
3.58,-2652.0,58488.0
3.59,-2696.0,58525.0
3.59,-2696.0,58525.0
3.6,-2696.0,58525.0
3.6,-2696.0,58525.0
3.61,-2619.0,58544.0
3.61,-2619.0,58544.0
3.62,-2619.0,58544.0
3.62,-2619.0,58544.0
3.63,-2590.0,58560.0
3.63,-2590.0,58560.0
3.64,-2590.0,58560.0
3.64,-2590.0,58560.0
3.65,-2626.0,58579.0
3.65,-2626.0,58579.0
3.66,-2626.0,58579.0
3.66,-2626.0,58579.0
3.67,-2535.0,58625.0
3.67,-2535.0,58625.0
3.68,-2535.0,58625.0
3.68,-2535.0,58625.0
3.69,-2434.0,58631.0
3.69,-2434.0,58631.0
3.7,-2434.0,58631.0
3.7,-2434.0,58631.0
3.71,-2441.0,58546.0
3.71,-2441.0,58546.0
3.72,-2441.0,58546.0
3.72,-2441.0,58546.0
3.73,-2360.0,58457.0
3.73,-2360.0,58457.0
3.74,-2360.0,58457.0
3.74,-2360.0,58457.0
3.75,-2405.0,58367.0
3.75,-2405.0,58367.0
3.76,-2405.0,58367.0
3.76,-2405.0,58367.0
3.77,-2358.0,58285.0
3.77,-2358.0,58285.0
3.78,-2358.0,58285.0
3.78,-2358.0,58285.0
3.79,-2718.0,58231.0
3.79,-2718.0,58231.0
3.8,-2718.0,58231.0
3.8,-2718.0,58231.0
3.81,-2817.0,58187.0
3.81,-2817.0,58187.0
3.82,-2817.0,58187.0
3.82,-2817.0,58187.0
3.83,-2744.0,58151.0
3.83,-2744.0,58151.0
3.84,-2744.0,58151.0
3.84,-2744.0,58151.0
3.85,-2680.0,58130.0
3.85,-2680.0,58130.0
3.86,-2680.0,58130.0
3.86,-2680.0,58130.0
3.87,-2809.0,58106.0
3.87,-2809.0,58106.0
3.88,-2809.0,58106.0
3.88,-2809.0,58106.0
3.89,-2759.0,58122.0
3.89,-2759.0,58122.0
3.9,-2759.0,58122.0
3.9,-2759.0,58122.0
3.91,-2725.0,58138.0
3.91,-2725.0,58138.0
3.92,-2725.0,58138.0
3.92,-2725.0,58138.0
3.93,-2722.0,58115.0
3.93,-2722.0,58115.0
3.94,-2722.0,58115.0
3.94,-2722.0,58115.0
3.95,-2693.0,58131.0
3.95,-2693.0,58131.0
3.96,-2693.0,58131.0
3.96,-2693.0,58131.0
3.97,-2680.0,58170.0
3.97,-2680.0,58170.0
3.98,-2680.0,58170.0
3.98,-2680.0,58170.0
3.99,-2362.0,58236.0
3.99,-2362.0,58236.0
4.0,-2362.0,58236.0
4.0,-2362.0,58236.0
4.01,-2370.0,58252.0
4.01,-2370.0,58252.0
4.02,-2370.0,58252.0
4.02,-2370.0,58252.0
4.03,-2235.0,58253.0
4.03,-2235.0,58253.0
4.04,-2235.0,58253.0
4.04,-2235.0,58253.0
4.05,-2330.0,58242.0
4.05,-2330.0,58242.0
4.06,-2330.0,58242.0
4.06,-2330.0,58242.0
4.07,-2365.0,58235.0
4.07,-2365.0,58235.0
4.08,-2365.0,58235.0
4.08,-2365.0,58235.0
4.09,-2626.0,58246.0
4.09,-2626.0,58246.0
4.1,-2626.0,58246.0
4.1,-2626.0,58246.0
4.11,-2582.0,58260.0
4.11,-2582.0,58260.0
4.12,-2582.0,58260.0
4.12,-2582.0,58260.0
4.13,-2454.0,58266.0
4.13,-2454.0,58266.0
4.14,-2454.0,58266.0
4.14,-2454.0,58266.0
4.15,-2439.0,58294.0
4.15,-2439.0,58294.0
4.16,-2439.0,58294.0
4.16,-2439.0,58294.0
4.17,-1972.0,58327.0
4.17,-1972.0,58327.0
4.18,-1972.0,58327.0
4.18,-1972.0,58327.0
4.19,-2593.0,58366.0
4.19,-2593.0,58366.0
4.2,-2593.0,58366.0
4.2,-2593.0,58366.0
4.21,-2707.0,58389.0
4.21,-2707.0,58389.0
4.22,-2707.0,58389.0
4.22,-2707.0,58389.0
4.23,-2586.0,58437.0
4.23,-2586.0,58437.0
4.24,-2586.0,58437.0
4.24,-2586.0,58437.0
4.25,-2525.0,58460.0
4.25,-2525.0,58460.0
4.26,-2525.0,58460.0
4.26,-2525.0,58460.0
4.27,-2550.0,58485.0
4.27,-2550.0,58485.0
4.28,-2550.0,58485.0
4.28,-2550.0,58485.0
4.29,-2551.0,58517.0
4.29,-2551.0,58517.0
4.3,-2551.0,58517.0
4.3,-2551.0,58517.0
4.31,-2527.0,58531.0
4.31,-2527.0,58531.0
4.32,-2527.0,58531.0
4.32,-2527.0,58531.0
4.33,-2405.0,58558.0
4.33,-2405.0,58558.0
4.34,-2405.0,58558.0
4.34,-2405.0,58558.0
4.35,-2484.0,58593.0
4.35,-2484.0,58593.0
4.36,-2484.0,58593.0
4.36,-2484.0,58593.0
4.37,-2323.0,58607.0
4.37,-2323.0,58607.0
4.38,-2323.0,58607.0
4.38,-2323.0,58607.0
4.39,-2399.0,58536.0
4.39,-2399.0,58536.0
4.4,-2399.0,58536.0
4.4,-2399.0,58536.0
4.41,-2381.0,58413.0
4.41,-2381.0,58413.0
4.42,-2381.0,58413.0
4.42,-2381.0,58413.0
4.43,-2490.0,58316.0
4.43,-2490.0,58316.0
4.44,-2490.0,58316.0
4.44,-2490.0,58316.0
4.45,-2469.0,58231.0
4.45,-2469.0,58231.0
4.46,-2469.0,58231.0
4.46,-2469.0,58231.0
4.47,-2557.0,58150.0
4.47,-2557.0,58150.0
4.48,-2557.0,58150.0
4.48,-2557.0,58150.0
4.49,-2705.0,58115.0
4.49,-2705.0,58115.0
4.5,-2705.0,58115.0
4.5,-2705.0,58115.0
4.51,-2681.0,58081.0
4.51,-2681.0,58081.0
4.52,-2681.0,58081.0
4.52,-2681.0,58081.0
4.53,-2616.0,58041.0
4.53,-2616.0,58041.0
4.54,-2616.0,58041.0
4.54,-2616.0,58041.0
4.55,-2702.0,58008.0
4.55,-2702.0,58008.0
4.56,-2702.0,58008.0
4.56,-2702.0,58008.0
4.57,-2640.0,57974.0
4.57,-2640.0,57974.0
4.58,-2640.0,57974.0
4.58,-2640.0,57974.0
4.59,-2739.0,57958.0
4.59,-2739.0,57958.0
4.6,-2739.0,57958.0
4.6,-2739.0,57958.0
4.61,-2585.0,57955.0
4.61,-2585.0,57955.0
4.62,-2585.0,57955.0
4.62,-2585.0,57955.0
4.63,-2544.0,57996.0
4.63,-2544.0,57996.0
4.64,-2544.0,57996.0
4.64,-2544.0,57996.0
4.65,-2604.0,58039.0
4.65,-2604.0,58039.0
4.66,-2604.0,58039.0
4.66,-2604.0,58039.0
4.67,-2559.0,58086.0
4.67,-2559.0,58086.0
4.68,-2559.0,58086.0
4.68,-2559.0,58086.0
4.69,-2599.0,58116.0
4.69,-2599.0,58116.0
4.7,-2599.0,58116.0
4.7,-2599.0,58116.0
4.71,-2658.0,58137.0
4.71,-2658.0,58137.0
4.72,-2658.0,58137.0
4.72,-2658.0,58137.0
4.73,-2510.0,58103.0
4.73,-2510.0,58103.0
4.74,-2510.0,58103.0
4.74,-2510.0,58103.0
4.75,-2481.0,58090.0
4.75,-2481.0,58090.0
4.76,-2481.0,58090.0
4.76,-2481.0,58090.0
4.77,-2553.0,58087.0
4.77,-2553.0,58087.0
4.78,-2553.0,58087.0
4.78,-2553.0,58087.0
4.79,-2636.0,58090.0
4.79,-2636.0,58090.0
4.8,-2636.0,58090.0
4.8,-2636.0,58090.0
4.81,-2525.0,58087.0
4.81,-2525.0,58087.0
4.82,-2525.0,58087.0
4.82,-2525.0,58087.0
4.83,-2427.0,58092.0
4.83,-2427.0,58092.0
4.84,-2427.0,58092.0
4.84,-2427.0,58092.0
4.85,-2211.0,58128.0
4.85,-2211.0,58128.0
4.86,-2211.0,58128.0
4.86,-2211.0,58128.0
4.87,-1848.0,58158.0
4.87,-1848.0,58158.0
4.88,-1848.0,58158.0
4.88,-1848.0,58158.0
4.89,-2681.0,58182.0
4.89,-2681.0,58182.0
4.9,-2681.0,58182.0
4.9,-2681.0,58182.0
4.91,-2398.0,58200.0
4.91,-2398.0,58200.0
4.92,-2398.0,58200.0
4.92,-2398.0,58200.0
4.93,-2492.0,58232.0
4.93,-2492.0,58232.0
4.94,-2492.0,58232.0
4.94,-2492.0,58232.0
4.95,-2396.0,58255.0
4.96,-2396.0,58255.0
4.96,-2396.0,58255.0
4.97,-2396.0,58255.0
4.97,-2306.0,58290.0
4.97,-2306.0,58290.0
4.98,-2306.0,58290.0
4.98,-2306.0,58290.0
4.99,-2411.0,58322.0
5.0,-2411.0,58322.0
5.0,-2411.0,58322.0
5.01,-2411.0,58322.0
5.01,-2364.0,58366.0
5.01,-2364.0,58366.0
5.02,-2364.0,58366.0
5.02,-2364.0,58366.0
5.03,-2492.0,58396.0
5.03,-2492.0,58396.0
5.04,-2492.0,58396.0
5.05,-2492.0,58396.0
5.05,-2360.0,58421.0
5.05,-2360.0,58421.0
5.06,-2360.0,58421.0
5.06,-2360.0,58421.0
5.07,-2405.0,58393.0
5.07,-2405.0,58393.0
5.08,-2405.0,58393.0
5.09,-2405.0,58393.0
5.09,-2335.0,58320.0
5.09,-2335.0,58320.0
5.1,-2335.0,58320.0
5.1,-2335.0,58320.0
5.11,-2266.0,58203.0
5.11,-2266.0,58203.0
5.12,-2266.0,58203.0
5.13,-2266.0,58203.0
5.13,-2286.0,58106.0
5.14,-2286.0,58106.0
5.14,-2286.0,58106.0
5.15,-2286.0,58106.0
5.15,-2368.0,58026.0
5.15,-2368.0,58026.0
5.16,-2368.0,58026.0
5.17,-2368.0,58026.0
5.17,-2552.0,57973.0
5.18,-2552.0,57973.0
5.18,-2552.0,57973.0
5.19,-2552.0,57973.0
5.19,-2490.0,57927.0
5.19,-2490.0,57927.0
5.2,-2490.0,57927.0
5.2,-2490.0,57927.0
5.21,-2626.0,57885.0
5.22,-2626.0,57885.0
5.22,-2626.0,57885.0
5.23,-2626.0,57885.0
5.23,-2496.0,57832.0
5.24,-2496.0,57832.0
5.24,-2496.0,57832.0
5.25,-2496.0,57832.0
5.25,-2685.0,57797.0
5.26,-2685.0,57797.0
5.26,-2685.0,57797.0
5.26,-2685.0,57797.0
5.27,-2400.0,57770.0
5.28,-2400.0,57770.0
5.28,-2400.0,57770.0
5.28,-2400.0,57770.0
5.29,-2484.0,57738.0
5.3,-2484.0,57738.0
5.3,-2484.0,57738.0
5.3,-2484.0,57738.0
5.31,-2424.0,57713.0
5.32,-2424.0,57713.0
5.32,-2424.0,57713.0
5.32,-2424.0,57713.0
5.33,-2472.0,57708.0
5.34,-2472.0,57708.0
5.34,-2472.0,57708.0
5.35,-2472.0,57708.0
5.35,-2182.0,57722.0
5.36,-2182.0,57722.0
5.36,-2182.0,57722.0
5.36,-2182.0,57722.0
5.37,-2577.0,57768.0
5.38,-2577.0,57768.0
5.38,-2577.0,57768.0
5.39,-2577.0,57768.0
5.39,-2241.0,57782.0
5.4,-2241.0,57782.0
5.4,-2241.0,57782.0
5.41,-2241.0,57782.0
5.41,-2367.0,57809.0
5.42,-2367.0,57809.0
5.42,-2367.0,57809.0
5.43,-2367.0,57809.0
5.43,-2042.0,57793.0
5.44,-2042.0,57793.0
5.44,-2042.0,57793.0
5.45,-2042.0,57793.0
5.45,-2184.0,57796.0
5.46,-2184.0,57796.0
5.46,-2184.0,57796.0
5.47,-2184.0,57796.0
5.47,-2205.0,57804.0
5.48,-2205.0,57804.0
5.48,-2205.0,57804.0
5.49,-2205.0,57804.0
5.49,-2365.0,57834.0
5.5,-2365.0,57834.0
5.5,-2365.0,57834.0
5.51,-2365.0,57834.0
5.51,-2212.0,57868.0
5.52,-2212.0,57868.0
5.52,-2212.0,57868.0
5.53,-2212.0,57868.0
5.53,-2387.0,57898.0
5.53,-2387.0,57898.0
5.54,-2387.0,57898.0
5.55,-2387.0,57898.0
5.55,-2219.0,57929.0
5.56,-2219.0,57929.0
5.56,-2219.0,57929.0
5.57,-2219.0,57929.0
5.57,-1986.0,57962.0
5.58,-1986.0,57962.0
5.58,-1986.0,57962.0
5.59,-1986.0,57962.0
5.59,-1612.0,57985.0
5.6,-1612.0,57985.0
5.6,-1612.0,57985.0
5.61,-1612.0,57985.0
5.61,-2564.0,58030.0
5.62,-2564.0,58030.0
5.62,-2564.0,58030.0
5.63,-2564.0,58030.0
5.63,-2280.0,58053.0
5.64,-2280.0,58053.0
5.64,-2280.0,58053.0
5.65,-2280.0,58053.0
5.65,-2201.0,58087.0
5.66,-2201.0,58087.0
5.66,-2201.0,58087.0
5.67,-2201.0,58087.0
5.67,-2317.0,58122.0
5.68,-2317.0,58122.0
5.68,-2317.0,58122.0
5.69,-2317.0,58122.0
5.69,-2380.0,58145.0
5.7,-2380.0,58145.0
5.7,-2380.0,58145.0
5.71,-2380.0,58145.0
5.71,-2357.0,58176.0
5.72,-2357.0,58176.0
5.72,-2357.0,58176.0
5.73,-2357.0,58176.0
5.73,-2253.0,58216.0
5.74,-2253.0,58216.0
5.74,-2253.0,58216.0
5.75,-2253.0,58216.0
5.75,-2342.0,58249.0
5.76,-2342.0,58249.0
5.76,-2342.0,58249.0
5.77,-2342.0,58249.0
5.77,-2278.0,58253.0
5.78,-2278.0,58253.0
5.78,-2278.0,58253.0
5.79,-2278.0,58253.0
5.79,-2304.0,58228.0
5.8,-2304.0,58228.0
5.8,-2304.0,58228.0
5.81,-2304.0,58228.0
5.81,-2183.0,58140.0
5.82,-2183.0,58140.0
5.82,-2183.0,58140.0
5.83,-2183.0,58140.0
5.83,-2114.0,58050.0
5.84,-2114.0,58050.0
5.84,-2114.0,58050.0
5.85,-2114.0,58050.0
5.85,-2086.0,57978.0
5.86,-2086.0,57978.0
5.86,-2086.0,57978.0
5.87,-2086.0,57978.0
5.87,-2352.0,57926.0
5.88,-2352.0,57926.0
5.88,-2352.0,57926.0
5.89,-2352.0,57926.0
5.89,-2508.0,57901.0
5.9,-2508.0,57901.0
5.9,-2508.0,57901.0
5.91,-2508.0,57901.0
5.91,-2454.0,57885.0
5.92,-2454.0,57885.0
5.92,-2454.0,57885.0
5.93,-2454.0,57885.0
5.93,-2745.0,57893.0
5.94,-2745.0,57893.0
5.94,-2745.0,57893.0
5.95,-2745.0,57893.0
5.95,-2603.0,57890.0
5.96,-2603.0,57890.0
5.96,-2603.0,57890.0
5.97,-2603.0,57890.0
5.97,-2217.0,57872.0
5.98,-2217.0,57872.0
5.98,-2217.0,57872.0
5.99,-2217.0,57872.0
5.99,-2625.0,57895.0
6.0,-2625.0,57895.0
6.0,-2625.0,57895.0
6.01,-2625.0,57895.0
6.01,-2486.0,57895.0
6.02,-2486.0,57895.0
6.02,-2486.0,57895.0
6.03,-2486.0,57895.0
6.03,-2616.0,57922.0
6.04,-2616.0,57922.0
6.04,-2616.0,57922.0
6.05,-2616.0,57922.0
6.05,-2632.0,57948.0
6.06,-2632.0,57948.0
6.06,-2632.0,57948.0
6.07,-2632.0,57948.0
6.07,-2650.0,57994.0
6.08,-2650.0,57994.0
6.08,-2650.0,57994.0
6.09,-2650.0,57994.0
6.09,-2650.0,58005.0
6.1,-2650.0,58005.0
6.1,-2650.0,58005.0
6.11,-2650.0,58005.0
6.11,-2550.0,58022.0
6.12,-2550.0,58022.0
6.12,-2550.0,58022.0
6.13,-2550.0,58022.0
6.13,-2658.0,58012.0
6.14,-2658.0,58012.0
6.14,-2658.0,58012.0
6.15,-2658.0,58012.0
6.15,-2526.0,57989.0
6.16,-2526.0,57989.0
6.16,-2526.0,57989.0
6.17,-2526.0,57989.0
6.17,-2445.0,57999.0
6.18,-2445.0,57999.0
6.18,-2445.0,57999.0
6.19,-2445.0,57999.0
6.19,-2582.0,58006.0
6.2,-2582.0,58006.0
6.2,-2582.0,58006.0
6.21,-2582.0,58006.0
6.21,-2429.0,58030.0
6.22,-2429.0,58030.0
6.22,-2429.0,58030.0
6.23,-2429.0,58030.0
6.23,-2542.0,58033.0
6.24,-2542.0,58033.0
6.24,-2542.0,58033.0
6.25,-2542.0,58033.0
6.25,-2458.0,58063.0
6.26,-2458.0,58063.0
6.26,-2458.0,58063.0
6.27,-2458.0,58063.0
6.27,-2735.0,58074.0
6.28,-2735.0,58074.0
6.28,-2735.0,58074.0
6.29,-2735.0,58074.0
6.29,-2762.0,58107.0
6.3,-2762.0,58107.0
6.3,-2762.0,58107.0
6.31,-2762.0,58107.0
6.31,-2799.0,58126.0
6.32,-2799.0,58126.0
6.32,-2799.0,58126.0
6.33,-2799.0,58126.0
6.33,-2757.0,58155.0
6.34,-2757.0,58155.0
6.34,-2757.0,58155.0
6.35,-2757.0,58155.0
6.35,-2170.0,58189.0
6.36,-2170.0,58189.0
6.36,-2170.0,58189.0
6.37,-2170.0,58189.0
6.37,-2769.0,58202.0
6.38,-2769.0,58202.0
6.38,-2769.0,58202.0
6.39,-2769.0,58202.0
6.39,-2676.0,58219.0
6.4,-2676.0,58219.0
6.4,-2676.0,58219.0
6.41,-2676.0,58219.0
6.41,-2800.0,58249.0
6.42,-2800.0,58249.0
6.42,-2800.0,58249.0
6.43,-2800.0,58249.0
6.43,-2865.0,58292.0
6.44,-2865.0,58292.0
6.44,-2865.0,58292.0
6.45,-2865.0,58292.0
6.45,-2644.0,58322.0
6.46,-2644.0,58322.0
6.46,-2644.0,58322.0
6.47,-2644.0,58322.0
6.47,-2855.0,58354.0
6.48,-2855.0,58354.0
6.48,-2855.0,58354.0
6.49,-2855.0,58354.0
6.49,-2741.0,58388.0
6.5,-2741.0,58388.0
6.5,-2741.0,58388.0
6.51,-2741.0,58388.0
6.51,-2673.0,58431.0
6.52,-2673.0,58431.0
6.52,-2673.0,58431.0
6.53,-2673.0,58431.0
6.53,-2769.0,58452.0
6.54,-2769.0,58452.0
6.54,-2769.0,58452.0
6.55,-2769.0,58452.0
6.55,-2693.0,58448.0
6.56,-2693.0,58448.0
6.56,-2693.0,58448.0
6.57,-2693.0,58448.0
6.57,-2718.0,58381.0
6.58,-2718.0,58381.0
6.58,-2718.0,58381.0
6.59,-2718.0,58381.0
6.59,-2547.0,58305.0
6.6,-2547.0,58305.0
6.6,-2547.0,58305.0
6.61,-2547.0,58305.0
6.61,-2572.0,58221.0
6.62,-2572.0,58221.0
6.62,-2572.0,58221.0
6.63,-2572.0,58221.0
6.63,-2668.0,58191.0
6.64,-2668.0,58191.0
6.64,-2668.0,58191.0
6.65,-2668.0,58191.0
6.65,-2903.0,58158.0
6.66,-2903.0,58158.0
6.66,-2903.0,58158.0
6.67,-2903.0,58158.0
6.67,-3017.0,58155.0
6.68,-3017.0,58155.0
6.68,-3017.0,58155.0
6.69,-3017.0,58155.0
6.69,-2937.0,58177.0
6.7,-2937.0,58177.0
6.7,-2937.0,58177.0
6.71,-2937.0,58177.0
6.71,-2927.0,58195.0
6.72,-2927.0,58195.0
6.72,-2927.0,58195.0
6.73,-2927.0,58195.0
6.73,-2832.0,58210.0
6.74,-2832.0,58210.0
6.75,-2832.0,58210.0
6.75,-2832.0,58210.0
6.75,-2888.0,58237.0
6.76,-2888.0,58237.0
6.76,-2888.0,58237.0
6.77,-2888.0,58237.0
6.77,-2995.0,58255.0
6.78,-2995.0,58255.0
6.78,-2995.0,58255.0
6.79,-2995.0,58255.0
6.79,-2903.0,58284.0
6.8,-2903.0,58284.0
6.8,-2903.0,58284.0
6.81,-2903.0,58284.0
6.81,-2947.0,58322.0
6.82,-2947.0,58322.0
6.82,-2947.0,58322.0
6.83,-2947.0,58322.0
6.84,-2814.0,58343.0
6.84,-2814.0,58343.0
6.84,-2814.0,58343.0
6.85,-2814.0,58343.0
6.85,-2952.0,58350.0
6.86,-2952.0,58350.0
6.86,-2952.0,58350.0
6.87,-2952.0,58350.0
6.88,-2970.0,58356.0
6.88,-2970.0,58356.0
6.88,-2970.0,58356.0
6.89,-2970.0,58356.0
6.89,-3038.0,58353.0
6.9,-3038.0,58353.0
6.9,-3038.0,58353.0
6.91,-3038.0,58353.0
6.92,-3101.0,58359.0
6.92,-3101.0,58359.0
6.93,-3101.0,58359.0
6.93,-3101.0,58359.0
6.93,-2991.0,58368.0
6.94,-2991.0,58368.0
6.94,-2991.0,58368.0
6.95,-2991.0,58368.0
6.96,-2950.0,58357.0
6.96,-2950.0,58357.0
6.97,-2950.0,58357.0
6.97,-2950.0,58357.0
6.98,-2822.0,58359.0
6.98,-2822.0,58359.0
6.98,-2822.0,58359.0
6.99,-2822.0,58359.0
6.99,-2890.0,58391.0
7.0,-2890.0,58391.0
7.01,-2890.0,58391.0
7.01,-2890.0,58391.0
7.01,-2761.0,58418.0
7.02,-2761.0,58418.0
7.03,-2761.0,58418.0
7.03,-2761.0,58418.0
7.03,-2963.0,58450.0
7.04,-2963.0,58450.0
7.05,-2963.0,58450.0
7.05,-2963.0,58450.0
7.05,-3067.0,58475.0
7.06,-3067.0,58475.0
7.07,-3067.0,58475.0
7.07,-3067.0,58475.0
7.07,-3158.0,58508.0
7.08,-3158.0,58508.0
7.09,-3158.0,58508.0
7.09,-3158.0,58508.0
7.09,-3044.0,58537.0
7.1,-3044.0,58537.0
7.11,-3044.0,58537.0
7.11,-3044.0,58537.0
7.11,-2728.0,58579.0
7.12,-2728.0,58579.0
7.13,-2728.0,58579.0
7.13,-2728.0,58579.0
7.14,-2388.0,58613.0
7.14,-2388.0,58613.0
7.15,-2388.0,58613.0
7.15,-2388.0,58613.0
7.16,-3521.0,58655.0
7.16,-3521.0,58655.0
7.17,-3521.0,58655.0
7.17,-3521.0,58655.0
7.18,-3125.0,58686.0
7.18,-3125.0,58686.0
7.19,-3125.0,58686.0
7.19,-3125.0,58686.0
7.2,-3123.0,58702.0
7.2,-3123.0,58702.0
7.21,-3123.0,58702.0
7.21,-3123.0,58702.0
7.22,-3023.0,58746.0
7.22,-3023.0,58746.0
7.23,-3023.0,58746.0
7.23,-3023.0,58746.0
7.24,-3126.0,58764.0
7.24,-3126.0,58764.0
7.25,-3126.0,58764.0
7.25,-3126.0,58764.0
7.26,-3125.0,58809.0
7.26,-3125.0,58809.0
7.26,-3125.0,58809.0
7.27,-3125.0,58809.0
7.28,-3123.0,58831.0
7.28,-3123.0,58831.0
7.28,-3123.0,58831.0
7.29,-3123.0,58831.0
7.3,-3043.0,58860.0
7.3,-3043.0,58860.0
7.31,-3043.0,58860.0
7.31,-3043.0,58860.0
7.32,-2875.0,58890.0
7.32,-2875.0,58890.0
7.32,-2875.0,58890.0
7.33,-2875.0,58890.0
7.34,-3030.0,58892.0
7.34,-3030.0,58892.0
7.35,-3030.0,58892.0
7.35,-3030.0,58892.0
7.36,-2931.0,58830.0
7.36,-2931.0,58830.0
7.37,-2931.0,58830.0
7.37,-2931.0,58830.0
7.38,-2948.0,58740.0
7.38,-2948.0,58740.0
7.39,-2948.0,58740.0
7.39,-2948.0,58740.0
7.4,-2974.0,58680.0
7.4,-2974.0,58680.0
7.41,-2974.0,58680.0
7.41,-2974.0,58680.0
7.42,-3014.0,58664.0
7.42,-3014.0,58664.0
7.43,-3014.0,58664.0
7.43,-3014.0,58664.0
7.44,-3106.0,58661.0
7.44,-3106.0,58661.0
7.45,-3106.0,58661.0
7.45,-3106.0,58661.0
7.46,-3274.0,58658.0
7.46,-3274.0,58658.0
7.47,-3274.0,58658.0
7.47,-3274.0,58658.0
7.48,-3157.0,58685.0
7.48,-3157.0,58685.0
7.49,-3157.0,58685.0
7.49,-3157.0,58685.0
7.5,-3214.0,58691.0
7.5,-3214.0,58691.0
7.51,-3214.0,58691.0
7.51,-3214.0,58691.0
7.52,-3244.0,58722.0
7.52,-3244.0,58722.0
7.53,-3244.0,58722.0
7.53,-3244.0,58722.0
7.54,-3349.0,58747.0
7.54,-3349.0,58747.0
7.55,-3349.0,58747.0
7.55,-3349.0,58747.0
7.56,-3557.0,58767.0
7.56,-3557.0,58767.0
7.57,-3557.0,58767.0
7.57,-3557.0,58767.0
7.58,-3289.0,58812.0
7.58,-3289.0,58812.0
7.59,-3289.0,58812.0
7.59,-3289.0,58812.0
7.6,-3334.0,58840.0
7.6,-3334.0,58840.0
7.61,-3334.0,58840.0
7.61,-3334.0,58840.0
7.62,-3322.0,58865.0
7.62,-3322.0,58865.0
7.63,-3322.0,58865.0
7.63,-3322.0,58865.0
7.64,-3462.0,58882.0
7.64,-3462.0,58882.0
7.65,-3462.0,58882.0
7.65,-3462.0,58882.0
7.66,-3579.0,58874.0
7.66,-3579.0,58874.0
7.67,-3579.0,58874.0
7.67,-3579.0,58874.0
7.68,-3393.0,58870.0
7.68,-3393.0,58870.0
7.69,-3393.0,58870.0
7.69,-3393.0,58870.0
7.7,-3334.0,58871.0
7.7,-3334.0,58871.0
7.71,-3334.0,58871.0
7.71,-3334.0,58871.0
7.72,-3374.0,58870.0
7.72,-3374.0,58870.0
7.73,-3374.0,58870.0
7.73,-3374.0,58870.0
7.74,-3269.0,58872.0
7.74,-3269.0,58872.0
7.75,-3269.0,58872.0
7.75,-3269.0,58872.0
7.76,-3277.0,58897.0
7.76,-3277.0,58897.0
7.77,-3277.0,58897.0
7.77,-3277.0,58897.0
7.78,-3196.0,58916.0
7.78,-3196.0,58916.0
7.79,-3196.0,58916.0
7.79,-3196.0,58916.0
7.8,-3184.0,58941.0
7.8,-3184.0,58941.0
7.81,-3184.0,58941.0
7.81,-3184.0,58941.0
7.82,-3323.0,58950.0
7.82,-3323.0,58950.0
7.83,-3323.0,58950.0
7.83,-3323.0,58950.0
7.84,-3355.0,58967.0
7.84,-3355.0,58967.0
7.85,-3355.0,58967.0
7.85,-3355.0,58967.0
7.86,-3430.0,59000.0
7.86,-3430.0,59000.0
7.87,-3430.0,59000.0
7.87,-3430.0,59000.0
7.88,-2953.0,59040.0
7.88,-2953.0,59040.0
7.89,-2953.0,59040.0
7.89,-2953.0,59040.0
7.9,-2607.0,59067.0
7.9,-2607.0,59067.0
7.91,-2607.0,59067.0
7.91,-2607.0,59067.0
7.92,-3582.0,59073.0
7.92,-3582.0,59073.0
7.93,-3582.0,59073.0
7.93,-3582.0,59073.0
7.94,-3247.0,59085.0
7.94,-3247.0,59085.0
7.95,-3247.0,59085.0
7.95,-3247.0,59085.0
7.96,-3400.0,59115.0
7.96,-3400.0,59115.0
7.97,-3400.0,59115.0
7.97,-3400.0,59115.0
7.98,-3122.0,59147.0
7.98,-3122.0,59147.0
7.99,-3122.0,59147.0
7.99,-3122.0,59147.0
8.0,-3321.0,59183.0
8.0,-3321.0,59183.0
8.01,-3321.0,59183.0
8.01,-3321.0,59183.0
8.02,-3245.0,59200.0
8.02,-3245.0,59200.0
8.03,-3245.0,59200.0
8.03,-3245.0,59200.0
8.04,-3254.0,59221.0
8.04,-3254.0,59221.0
8.05,-3254.0,59221.0
8.05,-3254.0,59221.0
8.06,-3012.0,59251.0
8.06,-3012.0,59251.0
8.07,-3012.0,59251.0
8.07,-3012.0,59251.0
8.08,-3103.0,59245.0
8.08,-3103.0,59245.0
8.09,-3103.0,59245.0
8.09,-3103.0,59245.0
8.1,-2887.0,59220.0
8.1,-2887.0,59220.0
8.11,-2887.0,59220.0
8.11,-2887.0,59220.0
8.12,-2972.0,59139.0
8.12,-2972.0,59139.0
8.13,-2972.0,59139.0
8.13,-2972.0,59139.0
8.14,-3091.0,59049.0
8.14,-3091.0,59049.0
8.15,-3091.0,59049.0
8.15,-3091.0,59049.0
8.16,-3034.0,58984.0
8.16,-3034.0,58984.0
8.17,-3034.0,58984.0
8.17,-3034.0,58984.0
8.18,-3019.0,58931.0
8.18,-3019.0,58931.0
8.19,-3019.0,58931.0
8.19,-3019.0,58931.0
8.2,-3176.0,58919.0
8.2,-3176.0,58919.0
8.21,-3176.0,58919.0
8.21,-3176.0,58919.0
8.22,-3341.0,58898.0
8.22,-3341.0,58898.0
8.23,-3341.0,58898.0
8.23,-3341.0,58898.0
8.24,-3346.0,58897.0
8.24,-3346.0,58897.0
8.25,-3346.0,58897.0
8.25,-3346.0,58897.0
8.26,-3459.0,58900.0
8.26,-3459.0,58900.0
8.27,-3459.0,58900.0
8.27,-3459.0,58900.0
8.28,-3284.0,58905.0
8.28,-3284.0,58905.0
8.29,-3284.0,58905.0
8.29,-3284.0,58905.0
8.3,-3354.0,58904.0
8.3,-3354.0,58904.0
8.31,-3354.0,58904.0
8.31,-3354.0,58904.0
8.32,-3327.0,58919.0
8.32,-3327.0,58919.0
8.33,-3327.0,58919.0
8.33,-3327.0,58919.0
8.34,-3447.0,58938.0
8.34,-3447.0,58938.0
8.35,-3447.0,58938.0
8.35,-3447.0,58938.0
8.36,-3573.0,58958.0
8.36,-3573.0,58958.0
8.37,-3573.0,58958.0
8.37,-3573.0,58958.0
8.38,-3340.0,58956.0
8.38,-3340.0,58956.0
8.39,-3340.0,58956.0
8.39,-3340.0,58956.0
8.4,-3521.0,58961.0
8.4,-3521.0,58961.0
8.41,-3521.0,58961.0
8.41,-3521.0,58961.0
8.42,-3483.0,58951.0
8.42,-3483.0,58951.0
8.43,-3483.0,58951.0
8.43,-3483.0,58951.0
8.44,-3381.0,58954.0
8.44,-3381.0,58954.0
8.45,-3381.0,58954.0
8.45,-3381.0,58954.0
8.46,-3422.0,58937.0
8.46,-3422.0,58937.0
8.47,-3422.0,58937.0
8.47,-3422.0,58937.0
8.48,-3510.0,58947.0
8.48,-3510.0,58947.0
8.49,-3510.0,58947.0
8.49,-3510.0,58947.0
8.5,-3414.0,58928.0
8.5,-3414.0,58928.0
8.51,-3414.0,58928.0
8.51,-3414.0,58928.0
8.52,-3555.0,58930.0
8.52,-3555.0,58930.0
8.53,-3555.0,58930.0
8.53,-3555.0,58930.0
8.54,-3628.0,58940.0
8.54,-3628.0,58940.0
8.55,-3628.0,58940.0
8.55,-3628.0,58940.0
8.56,-3315.0,58962.0
8.56,-3315.0,58962.0
8.57,-3315.0,58962.0
8.57,-3315.0,58962.0
8.58,-3103.0,58962.0
8.58,-3103.0,58962.0
8.59,-3103.0,58962.0
8.59,-3103.0,58962.0
8.6,-3285.0,58970.0
8.6,-3285.0,58970.0
8.61,-3285.0,58970.0
8.61,-3285.0,58970.0
8.62,-3518.0,59000.0
8.62,-3518.0,59000.0
8.63,-3518.0,59000.0
8.63,-3518.0,59000.0
8.64,-3465.0,59011.0
8.64,-3465.0,59011.0
8.65,-3465.0,59011.0
8.65,-3465.0,59011.0
8.66,-3513.0,59028.0
8.66,-3513.0,59028.0
8.67,-3513.0,59028.0
8.67,-3513.0,59028.0
8.68,-3385.0,59047.0
8.68,-3385.0,59047.0
8.69,-3385.0,59047.0
8.69,-3385.0,59047.0
8.7,-3049.0,59068.0
8.71,-3049.0,59068.0
8.71,-3049.0,59068.0
8.71,-3049.0,59068.0
8.72,-3508.0,59070.0
8.72,-3508.0,59070.0
8.73,-3508.0,59070.0
8.73,-3508.0,59070.0
8.74,-3638.0,59106.0
8.74,-3638.0,59106.0
8.75,-3638.0,59106.0
8.76,-3638.0,59106.0
8.76,-3457.0,59119.0
8.76,-3457.0,59119.0
8.77,-3457.0,59119.0
8.77,-3457.0,59119.0
8.78,-3448.0,59152.0
8.78,-3448.0,59152.0
8.79,-3448.0,59152.0
8.8,-3448.0,59152.0
8.8,-3531.0,59169.0
8.81,-3531.0,59169.0
8.81,-3531.0,59169.0
8.81,-3531.0,59169.0
8.82,-3425.0,59197.0
8.82,-3425.0,59197.0
8.83,-3425.0,59197.0
8.84,-3425.0,59197.0
8.84,-3410.0,59213.0
8.85,-3410.0,59213.0
8.85,-3410.0,59213.0
8.85,-3410.0,59213.0
8.86,-3476.0,59236.0
8.86,-3476.0,59236.0
8.87,-3476.0,59236.0
8.88,-3476.0,59236.0
8.88,-3291.0,59263.0
8.89,-3291.0,59263.0
8.89,-3291.0,59263.0
8.9,-3291.0,59263.0
8.9,-3090.0,59250.0
8.9,-3090.0,59250.0
8.91,-3090.0,59250.0
8.91,-3090.0,59250.0
8.92,-2852.0,59200.0
8.93,-2852.0,59200.0
8.93,-2852.0,59200.0
8.94,-2852.0,59200.0
8.94,-2903.0,59086.0
8.94,-2903.0,59086.0
8.95,-2903.0,59086.0
8.95,-2903.0,59086.0
8.96,-2929.0,58988.0
8.97,-2929.0,58988.0
8.97,-2929.0,58988.0
8.98,-2929.0,58988.0
8.98,-2794.0,58929.0
8.98,-2794.0,58929.0
8.99,-2794.0,58929.0
9.0,-2794.0,58929.0
9.0,-2741.0,58884.0
9.01,-2741.0,58884.0
9.01,-2741.0,58884.0
9.02,-2741.0,58884.0
9.02,-2856.0,58852.0
9.02,-2856.0,58852.0
9.03,-2856.0,58852.0
9.03,-2856.0,58852.0
9.04,-3005.0,58846.0
9.05,-3005.0,58846.0
9.05,-3005.0,58846.0
9.06,-3005.0,58846.0
9.06,-3096.0,58837.0
9.06,-3096.0,58837.0
9.07,-3096.0,58837.0
9.07,-3096.0,58837.0
9.08,-3005.0,58839.0
9.09,-3005.0,58839.0
9.09,-3005.0,58839.0
9.1,-3005.0,58839.0
9.1,-2881.0,58847.0
9.1,-2881.0,58847.0
9.11,-2881.0,58847.0
9.11,-2881.0,58847.0
9.12,-2886.0,58842.0
9.13,-2886.0,58842.0
9.13,-2886.0,58842.0
9.14,-2886.0,58842.0
9.14,-2907.0,58845.0
9.15,-2907.0,58845.0
9.15,-2907.0,58845.0
9.15,-2907.0,58845.0
9.16,-3110.0,58858.0
9.17,-3110.0,58858.0
9.17,-3110.0,58858.0
9.18,-3110.0,58858.0
9.18,-3102.0,58880.0
9.19,-3102.0,58880.0
9.19,-3102.0,58880.0
9.19,-3102.0,58880.0
9.2,-3028.0,58887.0
9.21,-3028.0,58887.0
9.21,-3028.0,58887.0
9.22,-3028.0,58887.0
9.22,-3043.0,58880.0
9.23,-3043.0,58880.0
9.23,-3043.0,58880.0
9.24,-3043.0,58880.0
9.24,-3223.0,58868.0
9.25,-3223.0,58868.0
9.25,-3223.0,58868.0
9.26,-3223.0,58868.0
9.26,-3074.0,58864.0
9.27,-3074.0,58864.0
9.27,-3074.0,58864.0
9.28,-3074.0,58864.0
9.28,-3059.0,58843.0
9.29,-3059.0,58843.0
9.29,-3059.0,58843.0
9.3,-3059.0,58843.0
9.3,-2988.0,58834.0
9.31,-2988.0,58834.0
9.31,-2988.0,58834.0
9.32,-2988.0,58834.0
9.32,-3059.0,58845.0
9.33,-3059.0,58845.0
9.33,-3059.0,58845.0
9.34,-3059.0,58845.0
9.34,-2905.0,58851.0
9.35,-2905.0,58851.0
9.35,-2905.0,58851.0
9.36,-2905.0,58851.0
9.36,-2859.0,58849.0
9.37,-2859.0,58849.0
9.37,-2859.0,58849.0
9.38,-2859.0,58849.0
9.38,-2673.0,58869.0
9.39,-2673.0,58869.0
9.39,-2673.0,58869.0
9.4,-2673.0,58869.0
9.4,-2920.0,58895.0
9.41,-2920.0,58895.0
9.41,-2920.0,58895.0
9.42,-2920.0,58895.0
9.42,-2856.0,58914.0
9.43,-2856.0,58914.0
9.43,-2856.0,58914.0
9.44,-2856.0,58914.0
9.44,-3038.0,58924.0
9.45,-3038.0,58924.0
9.45,-3038.0,58924.0
9.46,-3038.0,58924.0
9.46,-2978.0,58954.0
9.47,-2978.0,58954.0
9.47,-2978.0,58954.0
9.48,-2978.0,58954.0
9.48,-3008.0,58983.0
9.49,-3008.0,58983.0
9.49,-3008.0,58983.0
9.5,-3008.0,58983.0
9.5,-2959.0,59006.0
9.51,-2959.0,59006.0
9.51,-2959.0,59006.0
9.52,-2959.0,59006.0
9.52,-2510.0,59033.0
9.53,-2510.0,59033.0
9.53,-2510.0,59033.0
9.54,-2510.0,59033.0
9.54,-3467.0,59052.0
9.55,-3467.0,59052.0
9.55,-3467.0,59052.0
9.56,-3467.0,59052.0
9.56,-2983.0,59077.0
9.57,-2983.0,59077.0
9.57,-2983.0,59077.0
9.58,-2983.0,59077.0
9.58,-3090.0,59102.0
9.59,-3090.0,59102.0
9.59,-3090.0,59102.0
9.6,-3090.0,59102.0
9.6,-2949.0,59121.0
9.61,-2949.0,59121.0
9.61,-2949.0,59121.0
9.62,-2949.0,59121.0
9.62,-3080.0,59151.0
9.63,-3080.0,59151.0
9.63,-3080.0,59151.0
9.64,-3080.0,59151.0
9.64,-3019.0,59185.0
9.65,-3019.0,59185.0
9.65,-3019.0,59185.0
9.66,-3019.0,59185.0
9.66,-3087.0,59216.0
9.67,-3087.0,59216.0
9.67,-3087.0,59216.0
9.68,-3087.0,59216.0
9.68,-2924.0,59250.0
9.69,-2924.0,59250.0
9.69,-2924.0,59250.0
9.7,-2924.0,59250.0
9.7,-2978.0,59280.0
9.71,-2978.0,59280.0
9.71,-2978.0,59280.0
9.72,-2978.0,59280.0
9.72,-2788.0,59264.0
9.73,-2788.0,59264.0
9.73,-2788.0,59264.0
9.74,-2788.0,59264.0
9.74,-2744.0,59189.0
9.75,-2744.0,59189.0
9.75,-2744.0,59189.0
9.76,-2744.0,59189.0
9.76,-2766.0,59113.0
9.77,-2766.0,59113.0
9.77,-2766.0,59113.0
9.78,-2766.0,59113.0
9.78,-2682.0,59040.0
9.79,-2682.0,59040.0
9.79,-2682.0,59040.0
9.8,-2682.0,59040.0
9.8,-2819.0,58996.0
9.81,-2819.0,58996.0
9.81,-2819.0,58996.0
9.82,-2819.0,58996.0
9.82,-2943.0,58994.0
9.83,-2943.0,58994.0
9.83,-2943.0,58994.0
9.84,-2943.0,58994.0
9.84,-2776.0,58983.0
9.85,-2776.0,58983.0
9.85,-2776.0,58983.0
9.86,-2776.0,58983.0
9.86,-2855.0,59000.0
9.87,-2855.0,59000.0
9.87,-2855.0,59000.0
9.88,-2855.0,59000.0
9.88,-2996.0,59016.0
9.89,-2996.0,59016.0
9.89,-2996.0,59016.0
9.9,-2996.0,59016.0
9.9,-2820.0,59029.0
9.91,-2820.0,59029.0
9.91,-2820.0,59029.0
9.92,-2820.0,59029.0
9.92,-2904.0,59043.0
9.93,-2904.0,59043.0
9.93,-2904.0,59043.0
9.94,-2904.0,59043.0
9.94,-2903.0,59071.0
9.95,-2903.0,59071.0
9.95,-2903.0,59071.0
9.96,-2903.0,59071.0
9.96,-2965.0,59092.0
9.97,-2965.0,59092.0
9.97,-2965.0,59092.0
9.98,-2965.0,59092.0
9.98,-2965.0,59123.0
9.99,-2965.0,59123.0
9.99,-2965.0,59123.0
10.0,-2965.0,59123.0
10.0,-2917.0,59143.0
10.01,-2917.0,59143.0
10.01,-2917.0,59143.0
10.02,-2917.0,59143.0
10.02,-2954.0,59153.0
10.03,-2954.0,59153.0
10.03,-2954.0,59153.0
10.04,-2954.0,59153.0
10.04,-2930.0,59165.0
10.05,-2930.0,59165.0
10.05,-2930.0,59165.0
10.06,-2930.0,59165.0
10.06,-2809.0,59170.0
10.07,-2809.0,59170.0
10.07,-2809.0,59170.0
10.08,-2809.0,59170.0
10.08,-2723.0,59160.0
10.09,-2723.0,59160.0
10.09,-2723.0,59160.0
10.1,-2723.0,59160.0
10.1,-2703.0,59151.0
10.11,-2703.0,59151.0
10.11,-2703.0,59151.0
10.12,-2703.0,59151.0
10.12,-2585.0,59164.0
10.13,-2585.0,59164.0
10.13,-2585.0,59164.0
10.14,-2585.0,59164.0
10.14,-2627.0,59158.0
10.15,-2627.0,59158.0
10.15,-2627.0,59158.0
10.16,-2627.0,59158.0
10.16,-2624.0,59182.0
10.17,-2624.0,59182.0
10.17,-2624.0,59182.0
10.18,-2624.0,59182.0
10.18,-2520.0,59202.0
10.19,-2520.0,59202.0
10.19,-2520.0,59202.0
10.2,-2520.0,59202.0
10.2,-2448.0,59205.0
10.21,-2448.0,59205.0
10.21,-2448.0,59205.0
10.22,-2448.0,59205.0
10.22,-2521.0,59227.0
10.23,-2521.0,59227.0
10.23,-2521.0,59227.0
10.24,-2521.0,59227.0
10.24,-2491.0,59237.0
10.25,-2491.0,59237.0
10.25,-2491.0,59237.0
10.26,-2491.0,59237.0
10.26,-2639.0,59266.0
10.27,-2639.0,59266.0
10.27,-2639.0,59266.0
10.28,-2639.0,59266.0
10.28,-2558.0,59266.0
10.29,-2558.0,59266.0
10.29,-2558.0,59266.0
10.3,-2558.0,59266.0
10.3,-2659.0,59304.0
10.31,-2659.0,59304.0
10.31,-2659.0,59304.0
10.32,-2659.0,59304.0
10.32,-2490.0,59321.0
10.33,-2490.0,59321.0
10.33,-2490.0,59321.0
10.34,-2490.0,59321.0
10.34,-2055.0,59366.0
10.35,-2055.0,59366.0
10.35,-2055.0,59366.0
10.36,-2055.0,59366.0
10.36,-2991.0,59381.0
10.37,-2991.0,59381.0
10.37,-2991.0,59381.0
10.38,-2991.0,59381.0
10.38,-2642.0,59402.0
10.39,-2642.0,59402.0
10.39,-2642.0,59402.0
10.4,-2642.0,59402.0
10.4,-2789.0,59433.0
10.41,-2789.0,59433.0
10.41,-2789.0,59433.0
10.42,-2789.0,59433.0
10.42,-2420.0,59469.0
10.43,-2420.0,59469.0
10.43,-2420.0,59469.0
10.44,-2420.0,59469.0
10.44,-2178.0,59502.0
10.45,-2178.0,59502.0
10.45,-2178.0,59502.0
10.46,-2178.0,59502.0
10.46,-2129.0,59528.0
10.47,-2129.0,59528.0
10.47,-2129.0,59528.0
10.48,-2129.0,59528.0
10.48,-2275.0,59540.0
10.49,-2275.0,59540.0
10.49,-2275.0,59540.0
10.5,-2275.0,59540.0
10.51,-2242.0,59584.0
10.51,-2242.0,59584.0
10.51,-2242.0,59584.0
10.52,-2242.0,59584.0
10.52,-2457.0,59603.0
10.53,-2457.0,59603.0
10.53,-2457.0,59603.0
10.54,-2457.0,59603.0
10.55,-2460.0,59588.0
10.55,-2460.0,59588.0
10.55,-2460.0,59588.0
10.56,-2460.0,59588.0
10.56,-2374.0,59521.0
10.57,-2374.0,59521.0
10.57,-2374.0,59521.0
10.58,-2374.0,59521.0
10.59,-2338.0,59438.0
10.59,-2338.0,59438.0
10.59,-2338.0,59438.0
10.6,-2338.0,59438.0
10.6,-2461.0,59358.0
10.61,-2461.0,59358.0
10.61,-2461.0,59358.0
10.62,-2461.0,59358.0
10.63,-2577.0,59323.0
10.63,-2577.0,59323.0
10.64,-2577.0,59323.0
10.64,-2577.0,59323.0
10.64,-2813.0,59318.0
10.65,-2813.0,59318.0
10.65,-2813.0,59318.0
10.66,-2813.0,59318.0
10.66,-2825.0,59333.0
10.67,-2825.0,59333.0
10.68,-2825.0,59333.0
10.68,-2825.0,59333.0
10.69,-2817.0,59336.0
10.69,-2817.0,59336.0
10.69,-2817.0,59336.0
10.7,-2817.0,59336.0
10.7,-2979.0,59358.0
10.71,-2979.0,59358.0
10.72,-2979.0,59358.0
10.72,-2979.0,59358.0
10.73,-2928.0,59380.0
10.73,-2928.0,59380.0
10.73,-2928.0,59380.0
10.74,-2928.0,59380.0
10.75,-2885.0,59394.0
10.75,-2885.0,59394.0
10.76,-2885.0,59394.0
10.76,-2885.0,59394.0
10.77,-2853.0,59408.0
10.77,-2853.0,59408.0
10.77,-2853.0,59408.0
10.78,-2853.0,59408.0
10.78,-2858.0,59428.0
10.79,-2858.0,59428.0
10.8,-2858.0,59428.0
10.8,-2858.0,59428.0
10.81,-2893.0,59469.0
10.81,-2893.0,59469.0
10.81,-2893.0,59469.0
10.82,-2893.0,59469.0
10.82,-2930.0,59480.0
10.83,-2930.0,59480.0
10.84,-2930.0,59480.0
10.84,-2930.0,59480.0
10.85,-3084.0,59500.0
10.85,-3084.0,59500.0
10.85,-3084.0,59500.0
10.86,-3084.0,59500.0
10.86,-2868.0,59503.0
10.87,-2868.0,59503.0
10.88,-2868.0,59503.0
10.88,-2868.0,59503.0
10.89,-2845.0,59499.0
10.89,-2845.0,59499.0
10.9,-2845.0,59499.0
10.9,-2845.0,59499.0
10.9,-2891.0,59476.0
10.91,-2891.0,59476.0
10.92,-2891.0,59476.0
10.92,-2891.0,59476.0
10.93,-3020.0,59473.0
10.93,-3020.0,59473.0
10.94,-3020.0,59473.0
10.94,-3020.0,59473.0
10.94,-3017.0,59475.0
10.95,-3017.0,59475.0
10.96,-3017.0,59475.0
10.96,-3017.0,59475.0
10.97,-2769.0,59506.0
10.97,-2769.0,59506.0
10.98,-2769.0,59506.0
10.98,-2769.0,59506.0
10.99,-2520.0,59517.0
10.99,-2520.0,59517.0
11.0,-2520.0,59517.0
11.0,-2520.0,59517.0
11.01,-2261.0,59522.0
11.01,-2261.0,59522.0
11.02,-2261.0,59522.0
11.02,-2261.0,59522.0
11.03,-2568.0,59547.0
